create database SIS04T25;
use SIS04T25;
create table  if not exists custumers(
CustomerID int primary key,
CustomerName varchar(100) not null,
 ContactName varchar(100),
 Address varchar(255),
 City varchar(50),
 postalCode varchar(20),
Country varchar(50)
);
INSERT INTO Custumers (CustomerID, CustomerName, ContactName, Address, City, PostalCode, Country) VALUES
(1, 'Alpha Ltda', 'João Silva', 'Rua A, 123', 'São Paulo', '01001-000', 'Brasil'),
(2, 'Beta Comércio', 'Maria Santos', 'Av. B, 456', 'Rio de Janeiro', '20001-000', 'Brasil'),
(3, 'Gama Distribuidora', 'Pedro Alves', 'Rua C, 789', 'Belo Horizonte', '30001-000', 'Brasil'),
(4, 'Delta Log', 'Ana Paula', 'Av. D, 101', 'Curitiba', '80001-000', 'Brasil'),
(5, 'Épsilon Tech', 'Carlos Lima', 'Rua E, 202', 'Porto Alegre', '90001-000', 'Brasil'),
(6, 'Zeta Soluções', 'Fernanda Costa', 'Av. F, 303', 'Salvador', '40001-000', 'Brasil'),
(7, 'Eta Sistemas', 'Ricardo Souza', 'Rua G, 404', 'Brasília', '70001-000', 'Brasil'),
(8, 'Teta Mídia', 'Juliana Pereira', 'Av. H, 505', 'Recife', '50001-000', 'Brasil'),
(9, 'Iota Store', 'Roberto Nunes', 'Rua I, 606', 'Fortaleza', '60001-000', 'Brasil'),
(10, 'Kappa Group', 'Camila Rocha', 'Av. J, 707', 'Manaus', '69001-000', 'Brasil'),
(11, 'Lambda Food', 'Felipe Andrade', 'Rua K, 808', 'Belém', '66001-000', 'Brasil'),
(12, 'Mu Vest', 'Tatiana Dias', 'Av. L, 909', 'Goiânia', '74001-000', 'Brasil'),
(13, 'Nu Auto', 'Gustavo Mendes', 'Rua M, 100', 'Campinas', '13001-000', 'Brasil'),
(14, 'Xi Pharma', 'Larissa Faria', 'Av. N, 111', 'São Luís', '65001-000', 'Brasil'),
(15, 'Omicron Pets', 'André Cardoso', 'Rua O, 122', 'Natal', '59001-000', 'Brasil'),
(16, 'Pi Books', 'Vanessa Lopes', 'Av. P, 133', 'João Pessoa', '58001-000', 'Brasil'),
(17, 'Rho Games', 'Thiago Martins', 'Rua Q, 144', 'Aracaju', '49001-000', 'Brasil'),
(18, 'Sigma Imóveis', 'Patrícia Lima', 'Av. R, 155', 'Maceió', '57001-000', 'Brasil'),
(19, 'Tau Moda', 'Rodrigo Silva', 'Rua S, 166', 'Campo Grande', '79001-000', 'Brasil'),
(20, 'Upsilon Travel', 'Bianca Oliveira', 'Av. T, 177', 'Cuiabá', '78001-000', 'Brasil'),
(21, 'Phi Seguros', 'Marcelo Souza', 'Rua U, 188', 'Florianópolis', '88001-000', 'Brasil'),
(22, 'Chi Energia', 'Letícia Rocha', 'Av. V, 199', 'Vitória', '29001-000', 'Brasil'),
(23, 'Psi Construtora', 'Rafael Almeida', 'Rua W, 210', 'Santos', '11001-000', 'Brasil'),
(24, 'Omega Transporte', 'Luciana Ramos', 'Av. X, 221', 'São José dos Campos', '12201-000', 'Brasil'),
(25, 'Alfa Jr', 'Eduardo Pires', 'Rua Y, 232', 'Uberlândia', '38401-000', 'Brasil'),
(26, 'Beta Prime', 'Cristina Lopes', 'Av. Z, 243', 'Sorocaba', '18001-000', 'Brasil'),
(27, 'Gama Tech', 'Alexandre Santos', 'Rua A1, 254', 'Ribeirão Preto', '14001-000', 'Brasil'),
(28, 'Delta Plus', 'Mônica Pereira', 'Av. B2, 265', 'Londrina', '86001-000', 'Brasil'),
(29, 'Epsilon Corp', 'Henrique Lima', 'Rua C3, 276', 'Juiz de Fora', '36001-000', 'Brasil'),
(30, 'Zeta Lab', 'Simone Costa', 'Av. D4, 287', 'São Bernardo do Campo', '09701-000', 'Brasil'),
(31, 'Eta Store', 'Jorge Rocha', 'Rua E5, 298', 'Osasco', '06001-000', 'Brasil'),
(32, 'Teta House', 'Renata Dias', 'Av. F6, 309', 'Santo André', '09001-000', 'Brasil'),
(33, 'Iota Media', 'Bruno Alves', 'Rua G7, 310', 'Contagem', '32001-000', 'Brasil'),
(34, 'Kappa Health', 'Aline Nunes', 'Av. H8, 321', 'Feira de Santana', '44001-000', 'Brasil'),
(35, 'Lambda Soft', 'Vinícius Souza', 'Rua I9, 332', 'Joinville', '89201-000', 'Brasil'),
(36, 'Mu Design', 'Priscila Lima', 'Av. J10, 343', 'Aparecida de Goiânia', '74901-000', 'Brasil'),
(37, 'Nu Sports', 'Fábio Mendes', 'Rua K11, 354', 'Niterói', '24001-000', 'Brasil'),
(38, 'Xi Music', 'Sandra Oliveira', 'Av. L12, 365', 'Anápolis', '75001-000', 'Brasil'),
(39, 'Omicron Film', 'Rogério Martins', 'Rua M13, 376', 'Caxias do Sul', '95001-000', 'Brasil'),
(40, 'Pi Agro', 'Glaucia Rocha', 'Av. N14, 387', 'Vila Velha', '29101-000', 'Brasil'),
(41, 'Rho Beer', 'Wagner Silva', 'Rua O15, 398', 'Serra', '29161-000', 'Brasil'),
(42, 'Sigma Pet', 'Lilian Souza', 'Av. P16, 409', 'Belford Roxo', '26101-000', 'Brasil'),
(43, 'Tau Log', 'Igor Nascimento', 'Rua Q17, 410', 'Canoas', '92001-000', 'Brasil'),
(44, 'Upsilon Art', 'Debora Lima', 'Av. R18, 421', 'Mauá', '09301-000', 'Brasil'),
(45, 'Phi Conect', 'Leandro Alves', 'Rua S19, 432', 'São Gonçalo', '24401-000', 'Brasil'),
(46, 'Chi School', 'Adriana Rocha', 'Av. T20, 443', 'Duque de Caxias', '25001-000', 'Brasil'),
(47, 'Psi Realty', 'Marcelo Pinto', 'Rua U21, 454', 'Campina Grande', '58401-000', 'Brasil'),
(48, 'Omega Bank', 'Viviane Lemos', 'Av. V22, 465', 'Jundiaí', '13201-000', 'Brasil'),
(49, 'Nova Tech', 'Claudio Melo', 'Rua W23, 476', 'Piracicaba', '13401-000', 'Brasil'),
(50, 'Smart Solutions', 'Renata Cruz', 'Av. X24, 487', 'Franca', '14401-000', 'Brasil');
SELECT COUNT(*) AS Total_Clientes FROM Custumers;
SELECT * FROM Custumers LIMIT 10;
SELECT * FROM Custumers;


USE SIS04125;
CREATE TABLE IF NOT EXISTS Categories (
    CategoryID INT PRIMARY KEY,
    CategoryName VARCHAR(50) NOT NULL,
    Description TEXT
);
INSERT INTO Categories (CategoryID, CategoryName, Description) VALUES
(1, 'Eletrônicos', 'Dispositivos eletrônicos e acessórios'),
(2, 'Livros', 'Livros técnicos, didáticos e literários'),
(3, 'Games', 'Jogos para PC, consoles e mobile'),
(4, 'Música', 'CDs, vinis e streaming'),
(5, 'Filmes', 'Blu-ray, DVD e plataformas digitais'),
(6, 'Ferramentas', 'Ferramentas manuais e elétricas'),
(7, 'Esportes', 'Equipamentos esportivos'),
(8, 'Brinquedos', 'Brinquedos educativos e recreativos'),
(9, 'Moda', 'Roupas, calçados e acessórios'),
(10, 'Beleza', 'Cosméticos e produtos de higiene'),
(11, 'Automotivo', 'Peças e acessórios para veículos'),
(12, 'Casa', 'Móveis e decoração'),
(13, 'Jardim', 'Ferramentas e plantas'),
(14, 'Papelaria', 'Material escolar e de escritório'),
(15, 'Informática', 'Hardware e software'),
(16, 'Saúde', 'Equipamentos médicos e bem-estar'),
(17, 'Pet Shop', 'Produtos para animais'),
(18, 'Culinária', 'Utensílios e eletrodomésticos de cozinha'),
(19, 'Fotografia', 'Câmeras e acessórios'),
(20, 'Viagem', 'Malas e acessórios de viagem'),
(21, 'Relógios', 'Relógios de pulso e parede'),
(22, 'Joias', 'Bijuterias e joias finas'),
(23, 'Antiguidades', 'Itens antigos e colecionáveis'),
(24, 'Arte', 'Quadros, esculturas e artesanato'),
(25, 'Bebidas', 'Vinhos, cervejas e destilados'),
(26, 'Ferramentas Elétricas', 'Furadeiras, serras, etc.'),
(27, 'Iluminação', 'Lâmpadas e luminárias'),
(28, 'Organização', 'Caixas, prateleiras e organizadores'),
(29, 'Limpeza', 'Produtos de limpeza doméstica'),
(30, 'Construção', 'Materiais de construção'),
(31, 'Eletrodomésticos', 'Geladeiras, fogões, etc.'),
(32, 'Móveis Planejados', 'Sob medida'),
(33, 'Cama Mesa Banho', 'Lençóis, toalhas, etc.'),
(34, 'Ferramentas de Medição', 'Trenas, paquímetros'),
(35, 'Equipamentos de Proteção', 'EPIs'),
(36, 'Mochilas', 'Escolares, de viagem, etc.'),
(37, 'Instrumentos Musicais', 'Guitarras, teclados, etc.'),
(38, 'Equipamentos de Áudio', 'Fones, caixas de som'),
(39, 'Equipamentos de Vídeo', 'Monitores, projetores'),
(40, 'Acessórios para Celular', 'Capas, películas'),
(41, 'Cabos e Conectores', 'HDMI, USB, etc.'),
(42, 'Armazenamento', 'HDs, SSDs, pendrives'),
(43, 'Impressoras', 'Jato de tinta, laser, 3D'),
(44, 'Papel Fotográfico', 'Alta qualidade'),
(45, 'Material de Desenho', 'Lápis, tintas, telas'),
(46, 'Costura', 'Linhas, tecidos, máquinas'),
(47, 'Ferramentas de Jardinagem', 'Pás, ancinhos'),
(48, 'Ferramentas de Marcenaria', 'Formões, plainas'),
(49, 'Ferramentas Mecânicas', 'Chaves, alicates'),
(50, 'Ferramentas Hidráulicas', 'Válvulas, conexões');
SELECT COUNT(*) AS Total_Categorias FROM Categories;
SELECT * FROM Categories LIMIT 10;

USE SIS04125;
CREATE TABLE IF NOT EXISTS Employees (
    EmployeeID INT PRIMARY KEY,
    LastName VARCHAR(50) NOT NULL,
    FirstName VARCHAR(50) NOT NULL,
    BirthDate DATE,
    Photo VARCHAR(255),
    Notes TEXT
    );
    INSERT INTO Employees (EmployeeID, LastName, FirstName, BirthDate, Photo, Notes) VALUES
(1, 'Silva', 'João', '1985-04-12', 'foto1.jpg', 'Vendedor experiente'),
(2, 'Santos', 'Maria', '1990-07-23', 'foto2.jpg', 'Gerente de vendas'),
(3, 'Oliveira', 'Carlos', '1982-11-05', 'foto3.jpg', 'Analista de suporte'),
(4, 'Souza', 'Ana', '1995-02-18', 'foto4.jpg', 'Atendimento ao cliente'),
(5, 'Lima', 'Paulo', '1988-09-30', 'foto5.jpg', 'Coordenador de logística'),
(6, 'Costa', 'Fernanda', '1992-12-14', 'foto6.jpg', 'Assistente administrativo'),
(7, 'Pereira', 'Ricardo', '1980-03-25', 'foto7.jpg', 'Supervisor de vendas'),
(8, 'Alves', 'Juliana', '1986-06-17', 'foto8.jpg', 'Analista de RH'),
(9, 'Rocha', 'Rodrigo', '1993-10-08', 'foto9.jpg', 'Desenvolvedor'),
(10, 'Mendes', 'Patrícia', '1984-01-22', 'foto10.jpg', 'Designer'),
(11, 'Nunes', 'Felipe', '1991-05-19', 'foto11.jpg', 'Suporte técnico'),
(12, 'Dias', 'Camila', '1987-08-29', 'foto12.jpg', 'Marketing'),
(13, 'Andrade', 'Gustavo', '1994-04-03', 'foto13.jpg', 'Vendedor'),
(14, 'Faria', 'Tatiana', '1983-09-12', 'foto14.jpg', 'Financeiro'),
(15, 'Cardoso', 'Larissa', '1996-11-27', 'foto15.jpg', 'Atendente'),
(16, 'Lopes', 'André', '1989-02-09', 'foto16.jpg', 'Logística'),
(17, 'Martins', 'Vanessa', '1997-06-14', 'foto17.jpg', 'Vendedora'),
(18, 'Lima', 'Thiago', '1981-10-18', 'foto18.jpg', 'Gerente regional'),
(19, 'Silva', 'Patrícia', '1998-03-02', 'foto19.jpg', 'Assistente de vendas'),
(20, 'Souza', 'Rodrigo', '1985-12-20', 'foto20.jpg', 'Coordenador de TI'),
(21, 'Oliveira', 'Bianca', '1990-05-07', 'foto21.jpg', 'Analista de sistemas'),
(22, 'Costa', 'Marcelo', '1982-08-11', 'foto22.jpg', 'Vendedor sênior'),
(23, 'Pereira', 'Letícia', '1993-01-24', 'foto23.jpg', 'Recepcionista'),
(24, 'Alves', 'Rafael', '1986-04-30', 'foto24.jpg', 'Entregador'),
(25, 'Rocha', 'Luciana', '1991-07-09', 'foto25.jpg', 'Assistente comercial'),
(26, 'Mendes', 'Eduardo', '1984-09-15', 'foto26.jpg', 'Motorista'),
(27, 'Nunes', 'Cristina', '1995-11-19', 'foto27.jpg', 'Auxiliar de escritório'),
(28, 'Dias', 'Alexandre', '1988-02-22', 'foto28.jpg', 'Técnico de manutenção'),
(29, 'Andrade', 'Mônica', '1992-06-26', 'foto29.jpg', 'Secretária'),
(30, 'Faria', 'Henrique', '1980-12-01', 'foto30.jpg', 'Vendedor externo'),
(31, 'Cardoso', 'Simone', '1996-03-13', 'foto31.jpg', 'Auxiliar de RH'),
(32, 'Lopes', 'Jorge', '1983-07-21', 'foto32.jpg', 'Estoquista'),
(33, 'Martins', 'Renata', '1997-10-04', 'foto33.jpg', 'Atendente'),
(34, 'Lima', 'Bruno', '1987-01-16', 'foto34.jpg', 'Entregador'),
(35, 'Silva', 'Aline', '1994-04-28', 'foto35.jpg', 'Vendedora'),
(36, 'Souza', 'Vinícius', '1989-08-10', 'foto36.jpg', 'Analista de compras'),
(37, 'Oliveira', 'Priscila', '1981-09-30', 'foto37.jpg', 'Supervisora'),
(38, 'Costa', 'Fábio', '1990-12-12', 'foto38.jpg', 'Técnico de TI'),
(39, 'Pereira', 'Sandra', '1985-03-18', 'foto39.jpg', 'Caixa'),
(40, 'Alves', 'Rogério', '1993-06-22', 'foto40.jpg', 'Vendedor'),
(41, 'Rocha', 'Glaucia', '1986-07-29', 'foto41.jpg', 'Gerente de loja'),
(42, 'Mendes', 'Wagner', '1991-09-08', 'foto42.jpg', 'Repositor'),
(43, 'Nunes', 'Lilian', '1988-11-14', 'foto43.jpg', 'Auxiliar de limpeza'),
(44, 'Dias', 'Igor', '1995-02-25', 'foto44.jpg', 'Vigilante'),
(45, 'Andrade', 'Debora', '1984-05-17', 'foto45.jpg', 'Assistente de RH'),
(46, 'Faria', 'Leandro', '1992-08-19', 'foto46.jpg', 'Auxiliar de TI'),
(47, 'Cardoso', 'Adriana', '1982-10-10', 'foto47.jpg', 'Coordenadora'),
(48, 'Lopes', 'Marcelo', '1996-12-24', 'foto48.jpg', 'Técnico de som'),
(49, 'Martins', 'Viviane', '1989-03-03', 'foto49.jpg', 'Assistente de vendas'),
(50, 'Lima', 'Claudio', '1980-07-07', 'foto50.jpg', 'Gerente de projetos');
SELECT COUNT(*) AS Total_Funcionarios FROM Employees;
SELECT * FROM Employees LIMIT 10;



USE SIS04125;
CREATE TABLE IF NOT EXISTS Shippers (
    ShipperID INT PRIMARY KEY,
    ShipperName VARCHAR(100) NOT NULL,
    Phone VARCHAR(20)
);
INSERT INTO Shippers (ShipperID, ShipperName, Phone) VALUES
(1, 'Transportes Rápido', '(11) 1234-5678'),
(2, 'Logística Brasil', '(21) 2345-6789'),
(3, 'Entregas Express', '(31) 3456-7890'),
(4, 'Carga Fácil', '(41) 4567-8901'),
(5, 'Via Segura', '(51) 5678-9012'),
(6, 'Delivery Norte', '(61) 6789-0123'),
(7, 'Sul Log', '(71) 7890-1234'),
(8, 'Leste Transporte', '(81) 8901-2345'),
(9, 'Oeste Cargas', '(91) 9012-3456'),
(10, 'Centro Log', '(11) 9123-4567'),
(11, 'Trans Rápido', '(21) 9234-5678'),
(12, 'Cargo Sul', '(31) 9345-6789'),
(13, 'Entregas Ágeis', '(41) 9456-7890'),
(14, 'Log Master', '(51) 9567-8901'),
(15, 'Fast Ship', '(61) 9678-9012'),
(16, 'Quality Log', '(71) 9789-0123'),
(17, 'Prime Cargo', '(81) 9890-1234'),
(18, 'Top Transporte', '(91) 9901-2345'),
(19, 'União Logística', '(11) 9012-3456'),
(20, 'Brasil Cargas', '(21) 9123-4567'),
(21, 'Norte Log', '(31) 9234-5678'),
(22, 'Sul Express', '(41) 9345-6789'),
(23, 'Leste Cargo', '(51) 9456-7890'),
(24, 'Oeste Log', '(61) 9567-8901'),
(25, 'Central Transporte', '(71) 9678-9012'),
(26, 'Expresso Brasil', '(81) 9789-0123'),
(27, 'Log Norte Sul', '(91) 9890-1234'),
(28, 'Cargo Link', '(11) 9901-2345'),
(29, 'Trans Global', '(21) 9012-3456'),
(30, 'Delivery Prime', '(31) 9123-4567'),
(31, 'Fast Cargo', '(41) 9234-5678'),
(32, 'Log Brasil Sul', '(51) 9345-6789'),
(33, 'Entregas Seguras', '(61) 9456-7890'),
(34, 'Rota Rápida', '(71) 9567-8901'),
(35, 'Cargo Norte', '(81) 9678-9012'),
(36, 'Transporte Ágil', '(91) 9789-0123'),
(37, 'Log Center', '(11) 9890-1234'),
(38, 'Cargo Sul Express', '(21) 9901-2345'),
(39, 'Trans Rota', '(31) 9012-3456'),
(40, 'Log Prime', '(41) 9123-4567'),
(41, 'Entregas Rápidas', '(51) 9234-5678'),
(42, 'Carga Brasil', '(61) 9345-6789'),
(43, 'Trans Log', '(71) 9456-7890'),
(44, 'Delivery Cargo', '(81) 9567-8901'),
(45, 'Fast Log', '(91) 9678-9012'),
(46, 'Quality Ship', '(11) 9789-0123'),
(47, 'Top Cargo', '(21) 9890-1234'),
(48, 'União Cargas', '(31) 9901-2345'),
(49, 'Brasil Log', '(41) 9012-3456'),
(50, 'Norte Sul Cargo', '(51) 9123-4567');
SELECT COUNT(*) AS Total_Transportadoras FROM Shippers;
select * from Shippers limit 10;


use SIS04125;

CREATE TABLE IF NOT EXISTS Suppliers (
    SupplierID INT PRIMARY KEY,
    SupplierName VARCHAR(100) NOT NULL,
    ContactName VARCHAR(100),
    Address VARCHAR(255),
    City VARCHAR(50),
    PostalCode VARCHAR(20),
    Country VARCHAR(50),
    Phone VARCHAR(20)
);
INSERT INTO Suppliers (SupplierID, SupplierName, ContactName, Address, City, PostalCode, Country, Phone) VALUES
(1, 'Fornecedor A', 'João A', 'Rua 1, 100', 'São Paulo', '01000-000', 'Brasil', '(11) 1111-1111'),
(2, 'Fornecedor B', 'Maria B', 'Av. 2, 200', 'Rio de Janeiro', '20000-000', 'Brasil', '(21) 2222-2222'),
(3, 'Fornecedor C', 'Carlos C', 'Rua 3, 300', 'Belo Horizonte', '30000-000', 'Brasil', '(31) 3333-3333'),
(4, 'Fornecedor D', 'Ana D', 'Av. 4, 400', 'Curitiba', '80000-000', 'Brasil', '(41) 4444-4444'),
(5, 'Fornecedor E', 'Paulo E', 'Rua 5, 500', 'Porto Alegre', '90000-000', 'Brasil', '(51) 5555-5555'),
(6, 'Fornecedor F', 'Fernanda F', 'Av. 6, 600', 'Salvador', '40000-000', 'Brasil', '(71) 6666-6666'),
(7, 'Fornecedor G', 'Ricardo G', 'Rua 7, 700', 'Brasília', '70000-000', 'Brasil', '(61) 7777-7777'),
(8, 'Fornecedor H', 'Juliana H', 'Av. 8, 800', 'Recife', '50000-000', 'Brasil', '(81) 8888-8888'),
(9, 'Fornecedor I', 'Rodrigo I', 'Rua 9, 900', 'Fortaleza', '60000-000', 'Brasil', '(85) 9999-9999'),
(10, 'Fornecedor J', 'Camila J', 'Av. 10, 1000', 'Manaus', '69000-000', 'Brasil', '(92) 1010-1010'),
(11, 'Fornecedor K', 'Felipe K', 'Rua 11, 1100', 'Belém', '66000-000', 'Brasil', '(91) 1111-1112'),
(12, 'Fornecedor L', 'Tatiana L', 'Av. 12, 1200', 'Goiânia', '74000-000', 'Brasil', '(62) 1212-1212'),
(13, 'Fornecedor M', 'Gustavo M', 'Rua 13, 1300', 'Campinas', '13000-000', 'Brasil', '(19) 1313-1313'),
(14, 'Fornecedor N', 'Larissa N', 'Av. 14, 1400', 'São Luís', '65000-000', 'Brasil', '(98) 1414-1414'),
(15, 'Fornecedor O', 'André O', 'Rua 15, 1500', 'Natal', '59000-000', 'Brasil', '(84) 1515-1515'),
(16, 'Fornecedor P', 'Vanessa P', 'Av. 16, 1600', 'João Pessoa', '58000-000', 'Brasil', '(83) 1616-1616'),
(17, 'Fornecedor Q', 'Thiago Q', 'Rua 17, 1700', 'Aracaju', '49000-000', 'Brasil', '(79) 1717-1717'),
(18, 'Fornecedor R', 'Patrícia R', 'Av. 18, 1800', 'Maceió', '57000-000', 'Brasil', '(82) 1818-1818'),
(19, 'Fornecedor S', 'Rodrigo S', 'Rua 19, 1900', 'Campo Grande', '79000-000', 'Brasil', '(67) 1919-1919'),
(20, 'Fornecedor T', 'Bianca T', 'Av. 20, 2000', 'Cuiabá', '78000-000', 'Brasil', '(65) 2020-2020'),
(21, 'Fornecedor U', 'Marcelo U', 'Rua 21, 2100', 'Florianópolis', '88000-000', 'Brasil', '(48) 2121-2121'),
(22, 'Fornecedor V', 'Letícia V', 'Av. 22, 2200', 'Vitória', '29000-000', 'Brasil', '(27) 2222-2223'),
(23, 'Fornecedor W', 'Rafael W', 'Rua 23, 2300', 'Santos', '11000-000', 'Brasil', '(13) 2323-2323'),
(24, 'Fornecedor X', 'Luciana X', 'Av. 24, 2400', 'São José dos Campos', '12200-000', 'Brasil', '(12) 2424-2424'),
(25, 'Fornecedor Y', 'Eduardo Y', 'Rua 25, 2500', 'Uberlândia', '38400-000', 'Brasil', '(34) 2525-2525'),
(26, 'Fornecedor Z', 'Cristina Z', 'Av. 26, 2600', 'Sorocaba', '18000-000', 'Brasil', '(15) 2626-2626'),
(27, 'Fornecedor AA', 'Alexandre AA', 'Rua 27, 2700', 'Ribeirão Preto', '14000-000', 'Brasil', '(16) 2727-2727'),
(28, 'Fornecedor AB', 'Mônica AB', 'Av. 28, 2800', 'Londrina', '86000-000', 'Brasil', '(43) 2828-2828'),
(29, 'Fornecedor AC', 'Henrique AC', 'Rua 29, 2900', 'Juiz de Fora', '36000-000', 'Brasil', '(32) 2929-2929'),
(30, 'Fornecedor AD', 'Simone AD', 'Av. 30, 3000', 'São Bernardo do Campo', '09700-000', 'Brasil', '(11) 3030-3030'),
(31, 'Fornecedor AE', 'Jorge AE', 'Rua 31, 3100', 'Osasco', '06000-000', 'Brasil', '(11) 3131-3131'),
(32, 'Fornecedor AF', 'Renata AF', 'Av. 32, 3200', 'Santo André', '09000-000', 'Brasil', '(11) 3232-3232'),
(33, 'Fornecedor AG', 'Bruno AG', 'Rua 33, 3300', 'Contagem', '32000-000', 'Brasil', '(31) 3333-3334'),
(34, 'Fornecedor AH', 'Aline AH', 'Av. 34, 3400', 'Feira de Santana', '44000-000', 'Brasil', '(75) 3434-3434'),
(35, 'Fornecedor AI', 'Vinícius AI', 'Rua 35, 3500', 'Joinville', '89200-000', 'Brasil', '(47) 3535-3535'),
(36, 'Fornecedor AJ', 'Priscila AJ', 'Av. 36, 3600', 'Aparecida de Goiânia', '74900-000', 'Brasil', '(62) 3636-3636'),
(37, 'Fornecedor AK', 'Fábio AK', 'Rua 37, 3700', 'Niterói', '24000-000', 'Brasil', '(21) 3737-3737'),
(38, 'Fornecedor AL', 'Sandra AL', 'Av. 38, 3800', 'Anápolis', '75000-000', 'Brasil', '(62) 3838-3838'),
(39, 'Fornecedor AM', 'Rogério AM', 'Rua 39, 3900', 'Caxias do Sul', '95000-000', 'Brasil', '(54) 3939-3939'),
(40, 'Fornecedor AN', 'Glaucia AN', 'Av. 40, 4000', 'Vila Velha', '29100-000', 'Brasil', '(27) 4040-4040'),
(41, 'Fornecedor AO', 'Wagner AO', 'Rua 41, 4100', 'Serra', '29160-000', 'Brasil', '(27) 4141-4141'),
(42, 'Fornecedor AP', 'Lilian AP', 'Av. 42, 4200', 'Belford Roxo', '26100-000', 'Brasil', '(21) 4242-4242'),
(43, 'Fornecedor AQ', 'Igor AQ', 'Rua 43, 4300', 'Canoas', '92000-000', 'Brasil', '(51) 4343-4343'),
(44, 'Fornecedor AR', 'Debora AR', 'Av. 44, 4400', 'Mauá', '09300-000', 'Brasil', '(11) 4444-4445'),
(45, 'Fornecedor AS', 'Leandro AS', 'Rua 45, 4500', 'São Gonçalo', '24400-000', 'Brasil', '(21) 4545-4545'),
(46, 'Fornecedor AT', 'Adriana AT', 'Av. 46, 4600', 'Duque de Caxias', '25000-000', 'Brasil', '(21) 4646-4646'),
(47, 'Fornecedor AU', 'Marcelo AU', 'Rua 47, 4700', 'Campina Grande', '58400-000', 'Brasil', '(83) 4747-4747'),
(48, 'Fornecedor AV', 'Viviane AV', 'Av. 48, 4800', 'Jundiaí', '13200-000', 'Brasil', '(11) 4848-4848'),
(49, 'Fornecedor AW', 'Claudio AW', 'Rua 49, 4900', 'Piracicaba', '13400-000', 'Brasil', '(19) 4949-4949'),
(50, 'Fornecedor AX', 'Renata AX', 'Av. 50, 5000', 'Franca', '14400-000', 'Brasil', '(16) 5050-5050');
SELECT COUNT(*) AS Total_Fornecedores FROM Suppliers;
SELECT * FROM Suppliers LIMIT 10;


use SIS04125;
CREATE TABLE IF NOT exists products(
    ProductID INT PRIMARY KEY,
    ProductName VARCHAR(100) NOT NULL,
    SupplierID INT,
    CategoryID INT,
    Unit VARCHAR(50),
    Price DECIMAL(10, 2),
    FOREIGN KEY (SupplierID) REFERENCES Suppliers(SupplierID),
    FOREIGN KEY (CategoryID) REFERENCES Categories(CategoryID)
);
INSERT INTO Products (ProductID, ProductName, SupplierID, CategoryID, Unit, Price) VALUES
(1, 'Smartphone X', 1, 1, 'unidade', 1999.99),
(2, 'Notebook Pro', 2, 1, 'unidade', 3499.99),
(3, 'Fone Bluetooth', 3, 1, 'unidade', 199.99),
(4, 'Livro SQL Avançado', 4, 2, 'unidade', 89.90),
(5, 'Game FIFA 24', 5, 3, 'unidade', 249.99),
(6, 'CD MPB', 6, 4, 'unidade', 29.90),
(7, 'Filme Blu-ray', 7, 5, 'unidade', 49.90),
(8, 'Furadeira', 8, 6, 'unidade', 299.99),
(9, 'Bola de Futebol', 9, 7, 'unidade', 89.99),
(10, 'Boneco Educativo', 10, 8, 'unidade', 59.99),
(11, 'Camiseta', 11, 9, 'unidade', 39.99),
(12, 'Shampoo', 12, 10, 'unidade', 19.99),
(13, 'Pastilha de Freio', 13, 11, 'jogo', 129.99),
(14, 'Sofá', 14, 12, 'unidade', 899.99),
(15, 'Pá de Jardim', 15, 13, 'unidade', 29.99),
(16, 'Caderno', 16, 14, 'unidade', 15.99),
(17, 'Mouse Gamer', 17, 15, 'unidade', 149.99),
(18, 'Máscara Facial', 18, 16, 'unidade', 9.99),
(19, 'Ração para Cães', 19, 17, 'kg', 49.99),
(20, 'Panela Elétrica', 20, 18, 'unidade', 199.99),
(21, 'Câmera Digital', 21, 19, 'unidade', 1299.99),
(22, 'Mala de Viagem', 22, 20, 'unidade', 299.99),
(23, 'Relógio de Pulso', 23, 21, 'unidade', 159.99),
(24, 'Colar de Prata', 24, 22, 'unidade', 89.99),
(25, 'Máquina de Escrever', 25, 23, 'unidade', 499.99),
(26, 'Quadro Decorativo', 26, 24, 'unidade', 79.99),
(27, 'Vinho Tinto', 27, 25, 'garrafa', 89.99),
(28, 'Serra Circular', 28, 26, 'unidade', 399.99),
(29, 'Luminária LED', 29, 27, 'unidade', 49.99),
(30, 'Caixa Organizadora', 30, 28, 'unidade', 29.99),
(31, 'Detergente', 31, 29, 'litro', 5.99),
(32, 'Cimento', 32, 30, 'kg', 25.99),
(33, 'Geladeira', 33, 31, 'unidade', 2499.99),
(34, 'Armário Planejado', 34, 32, 'unidade', 1299.99),
(35, 'Toalha de Banho', 35, 33, 'unidade', 29.99),
(36, 'Trena Laser', 36, 34, 'unidade', 89.99),
(37, 'Capacete', 37, 35, 'unidade', 79.99),
(38, 'Mochila Escolar', 38, 36, 'unidade', 99.99),
(39, 'Violão', 39, 37, 'unidade', 499.99),
(40, 'Caixa de Som', 40, 38, 'unidade', 199.99),
(41, 'Monitor 24"', 41, 39, 'unidade', 799.99),
(42, 'Capa para Celular', 42, 40, 'unidade', 29.99),
(43, 'Cabo HDMI', 43, 41, 'unidade', 19.99),
(44, 'HD Externo 1TB', 44, 42, 'unidade', 349.99),
(45, 'Impressora Multifuncional', 45, 43, 'unidade', 499.99),
(46, 'Papel Fotográfico', 46, 44, 'pacote', 39.99),
(47, 'Lápis de Cor', 47, 45, 'caixa', 24.99),
(48, 'Máquina de Costura', 48, 46, 'unidade', 699.99),
(49, 'Ancinho', 49, 47, 'unidade', 39.99),
(50, 'Formão', 50, 48, 'unidade', 29.99);
SELECT COUNT(*) AS Total_Produtos FROM Products;
SELECT * FROM Products LIMIT 10;


use SIS04125;
create table if not exists Orders (
    OrderID INT PRIMARY KEY,
    CustomerID INT,
    EmployeeID INT,
    OrderDate DATE,
    ShipperID INT,
    FOREIGN KEY (CustomerID) REFERENCES Customers(CustomerID),
    FOREIGN KEY (EmployeeID) REFERENCES Employees(EmployeeID),
    FOREIGN KEY (ShipperID) REFERENCES Shippers(ShipperID)
);
INSERT INTO Orders (OrderID, CustomerID, EmployeeID, OrderDate, ShipperID) VALUES
(1, 1, 1, '2024-01-10', 1),
(2, 2, 2, '2024-01-11', 2),
(3, 3, 3, '2024-01-12', 3),
(4, 4, 4, '2024-01-13', 4),
(5, 5, 5, '2024-01-14', 5),
(6, 6, 6, '2024-01-15', 6),
(7, 7, 7, '2024-01-16', 7),
(8, 8, 8, '2024-01-17', 8),
(9, 9, 9, '2024-01-18', 9),
(10, 10, 10, '2024-01-19', 10),
(11, 11, 11, '2024-01-20', 11),
(12, 12, 12, '2024-01-21', 12),
(13, 13, 13, '2024-01-22', 13),
(14, 14, 14, '2024-01-23', 14),
(15, 15, 15, '2024-01-24', 15),
(16, 16, 16, '2024-01-25', 16),
(17, 17, 17, '2024-01-26', 17),
(18, 18, 18, '2024-01-27', 18),
(19, 19, 19, '2024-01-28', 19),
(20, 20, 20, '2024-01-29', 20),
(21, 21, 21, '2024-01-30', 21),
(22, 22, 22, '2024-01-31', 22),
(23, 23, 23, '2024-02-01', 23),
(24, 24, 24, '2024-02-02', 24),
(25, 25, 25, '2024-02-03', 25),
(26, 26, 26, '2024-02-04', 26),
(27, 27, 27, '2024-02-05', 27),
(28, 28, 28, '2024-02-06', 28),
(29, 29, 29, '2024-02-07', 29),
(30, 30, 30, '2024-02-08', 30),
(31, 31, 31, '2024-02-09', 31),
(32, 32, 32, '2024-02-10', 32),
(33, 33, 33, '2024-02-11', 33),
(34, 34, 34, '2024-02-12', 34),
(35, 35, 35, '2024-02-13', 35),
(36, 36, 36, '2024-02-14', 36),
(37, 37, 37, '2024-02-15', 37),
(38, 38, 38, '2024-02-16', 38),
(39, 39, 39, '2024-02-17', 39),
(40, 40, 40, '2024-02-18', 40),
(41, 41, 41, '2024-02-19', 41),
(42, 42, 42, '2024-02-20', 42),
(43, 43, 43, '2024-02-21', 43),
(44, 44, 44, '2024-02-22', 44),
(45, 45, 45, '2024-02-23', 45),
(46, 46, 46, '2024-02-24', 46),
(47, 47, 47, '2024-02-25', 47),
(48, 48, 48, '2024-02-26', 48),
(49, 49, 49, '2024-02-27', 49),
(50, 50, 50, '2024-02-28', 50);
SELECT COUNT(*) AS Total_Pedidos FROM Orders;
SELECT * FROM Orders LIMIT 10;


use sis04125;
CREATE TABLE IF NOT EXISTS OrderDetails (
    OrderDetailID INT PRIMARY KEY,
    OrderID INT,
    ProductID INT,
    Quantity INT NOT NULL,
    FOREIGN KEY (OrderID) REFERENCES Orders(OrderID),
    FOREIGN KEY (ProductID) REFERENCES Products(ProductID)
);
INSERT INTO OrderDetails (OrderDetailID, OrderID, ProductID, Quantity) VALUES
(1, 1, 1, 2),
(2, 2, 2, 1),
(3, 3, 3, 3),
(4, 4, 4, 1),
(5, 5, 5, 2),
(6, 6, 6, 5),
(7, 7, 7, 2),
(8, 8, 8, 1),
(9, 9, 9, 3),
(10, 10, 10, 4),
(11, 11, 11, 2),
(12, 12, 12, 6),
(13, 13, 13, 1),
(14, 14, 14, 1),
(15, 15, 15, 2),
(16, 16, 16, 5),
(17, 17, 17, 1),
(18, 18, 18, 3),
(19, 19, 19, 2),
(20, 20, 20, 1),
(21, 21, 21, 1),
(22, 22, 22, 2),
(23, 23, 23, 1),
(24, 24, 24, 3),
(25, 25, 25, 1),
(26, 26, 26, 4),
(27, 27, 27, 2),
(28, 28, 28, 1),
(29, 29, 29, 5),
(30, 30, 30, 2),
(31, 31, 31, 10),
(32, 32, 32, 3),
(33, 33, 33, 1),
(34, 34, 34, 1),
(35, 35, 35, 2),
(36, 36, 36, 1),
(37, 37, 37, 2),
(38, 38, 38, 3),
(39, 39, 39, 1),
(40, 40, 40, 2),
(41, 41, 41, 1),
(42, 42, 42, 3),
(43, 43, 43, 2),
(44, 44, 44, 1),
(45, 45, 45, 1),
(46, 46, 46, 2),
(47, 47, 47, 3),
(48, 48, 48, 1),
(49, 49, 49, 2),
(50, 50, 50, 1);
SELECT COUNT(*) AS Total_Detalhes FROM OrderDetails;
SELECT * FROM OrderDetails LIMIT 10;   